Timestamp [HH;MM;SS], X acc [m/s^2], Y acc [m/s^2], Z acc [m/s^2], T [C], Engine load [%], Coolant temp [C], Intake pressure [kPa], Engine speed [RPM], Vehicle speed [km/h], Intake air temp [C], Distance with MIL [km], MAF [g/s], Fuel pressure [kPa]
06;35;41, -0.235, 2.001, 9.888, 12.000, 0.42, 18, 250, 1380, NA, 20, 0, 18, 322
06;35;43, -0.471, 0.314, 9.221, 12.000, 0.07, 18, 250, 1559, 14, 19, 0, 16, 235
06;35;45, -1.020, 0.981, 8.672, 12.000, 0.42, 18, 250, 1197, 10, 19, 0, 15, 282
06;35;47, -0.903, 1.020, 9.575, 11.000, 0.38, 19, 250, 1434, 12, 19, 0, 18, 303
06;35;50, -0.432, 1.766, 10.006, 12.000, 0.35, 19, 250, 1710, 14, 19, 0, 21, 290
06;35;52, 1.648, 1.962, 9.064, 11.000, 0.36, 19, 250, 1519, 13, 19, 0, 18, 306
06;35;54, 0.903, 1.570, 11.105, 12.000, 0.36, 19, 250, 1593, 14, 19, 0, 20, 313
06;35;57, -0.667, 1.884, 9.614, 11.000, 0.40, 20, 250, 1686, 14, 19, 0, 22, 350
06;35;59, -0.785, 1.530, 10.438, 11.000, 0.20, 20, 250, 1070, 16, 19, 0, 10, 246
06;36;01, -1.727, 2.551, 9.025, 11.000, 0.82, 20, 250, 1081, 17, 19, 0, 14, 278
06;36;03, -1.491, 0.785, 7.142, 11.000, 0.51, 21, 250, 1158, 18, 19, 0, 13, 429
06;36;06, -0.942, 2.197, 6.945, 11.000, 0.71, 21, 250, 1244, 21, 19, 0, 16, 294
06;36;08, -1.373, 0.549, 9.025, 11.000, 0.42, 21, 250, 1085, 18, 19, 0, 12, 468
06;36;10, -0.667, 1.334, 9.221, 12.000, 0.87, 22, 250, 1235, 20, 19, 0, 17, 651
06;36;13, -1.452, 2.472, 12.361, 11.000, 0.65, 22, 250, 1615, 26, 19, 0, 23, 364
06;36;15, -0.471, 0.863, 10.556, 10.000, 0.30, 22, 250, 1619, 27, 19, 0, 19, 299
06;36;17, 1.805, 1.530, 9.732, 10.000, 0.42, 23, 250, 1628, 26, 18, 0, 21, 335
06;36;20, -1.884, 1.059, 8.829, 10.000, 0.63, 23, 250, 1805, 29, 19, 0, 27, 566
06;36;22, -1.884, 0.549, 9.104, 9.000, 0.86, 24, 250, 2316, 37, 18, 0, 43, 332
06;36;24, -1.059, -0.549, 11.340, 10.000, 0.31, 24, 250, 1475, 39, 18, 0, 19, 440
06;36;27, -1.059, 0.471, 8.005, 9.000, 0.76, 24, 250, 1713, 43, 18, 0, 26, 748
06;36;29, -1.020, -0.314, 9.535, 10.000, 0.20, 25, 250, 903, 47, 18, 0, 16, 271
06;36;31, -0.903, 0.275, 10.399, 10.000, 0.66, 26, 250, 1340, 46, 18, 0, 17, 463
06;36;33, -0.746, 0.235, 10.869, 9.000, 0.01, 26, 250, 1364, 48, 18, 0, 14, 218
06;36;36, -2.001, -1.295, 9.300, 9.000, 0.00, 27, 250, 1264, 44, 18, 0, 13, 221
06;36;38, -1.452, -0.549, 9.732, 9.000, 0.00, 28, 250, 1162, 41, 18, 0, 12, 219
06;36;40, -1.295, -1.177, 9.653, 8.000, 0.05, 28, 250, 1044, 37, 18, 0, 8, 223
06;36;43, -0.235, -0.824, 10.595, 9.000, 0.27, 29, 250, 854, 28, 18, 0, 8, 224
06;36;45, -0.471, 0.039, 10.124, 8.000, 0.27, 29, 250, 849, 17, 19, 0, 8, 226
06;36;47, -1.570, -0.471, 10.320, 9.000, 0.26, 29, 250, 853, 16, 19, 0, 8, 226
06;36;50, -0.785, 0.039, 9.575, 8.000, 0.25, 30, 250, 853, 15, 19, 0, 8, 227
06;36;52, -1.138, -0.314, 9.888, 8.000, 0.25, 30, 250, 866, 11, 19, 0, 8, 221
06;36;54, -0.942, 0.039, 9.888, 8.000, 0.26, 30, 250, 850, 4, 19, 0, 8, 223
06;36;57, -0.942, -0.196, 9.300, 8.000, 0.26, 31, 250, 846, 1, 19, 0, 9, 225
06;36;59, -0.942, 0.078, 9.849, 8.000, 0.26, 31, 250, 763, 0, 19, 0, 7, 216
06;37;01, -1.216, -0.039, 9.849, 8.000, 0.27, 31, 250, 763, 0, 19, 0, 7, 217
06;37;04, -1.295, -0.039, 10.595, 8.000, 0.27, 31, 250, 764, 0, 19, 0, 7, 217
06;37;06, -1.099, 0.275, 9.849, 9.000, 0.27, 31, 250, 761, 0, 19, 0, 8, 219
06;37;08, -1.138, -0.039, 9.221, 9.000, 0.25, 32, 250, 765, 0, 19, 0, 7, 220
06;37;11, -1.138, 0.235, 10.085, 8.000, 0.26, 32, 250, 761, 0, 19, 0, 7, 217
06;37;13, -1.334, 0.078, 10.006, 8.000, 0.26, 32, 250, 760, 0, 19, 0, 7, 217
06;37;15, -1.059, 0.235, 9.771, 8.000, 0.25, 32, 250, 767, 0, 19, 0, 7, 215
06;37;18, -0.942, 0.157, 9.810, 8.000, 0.25, 32, 250, 761, 0, 19, 0, 7, 221
06;37;20, -1.256, -0.196, 10.399, 7.000, 0.26, 32, 250, 764, 0, 19, 0, 6, 220
06;37;22, -1.334, -0.078, 9.300, 8.000, 0.25, 33, 250, 763, 0, 19, 0, 7, 219
06;37;25, -1.177, 0.157, 10.124, 7.000, 0.25, 33, 250, 763, 0, 19, 0, 7, 221
06;37;27, -1.138, 0.157, 10.281, 7.000, 0.26, 33, 250, 759, 0, 19, 0, 7, 224
06;37;30, -1.177, 0.118, 10.202, 8.000, 0.25, 33, 250, 765, 0, 19, 0, 7, 222
06;37;32, -1.256, -0.157, 10.045, 8.000, 0.24, 33, 250, 769, 0, 19, 0, 10, 310
06;37;35, -1.177, 2.394, 10.202, 7.000, 0.66, 34, 250, 1279, 5, 19, 0, 16, 394
06;37;37, -0.392, -0.471, 8.986, 6.000, 0.00, 34, 250, 1617, 18, 19, 0, 9, 222
06;37;39, -1.962, 1.138, 10.085, 6.000, 0.83, 34, 250, 1298, 20, 19, 0, 19, 740
06;37;42, -1.138, 0.314, 10.713, 7.000, 0.09, 34, 250, 1736, 31, 19, 0, 10, 224
06;37;44, -0.039, 0.275, 11.576, 7.000, 0.86, 34, 250, 1272, 32, 19, 0, 18, 740
06;37;47, -1.962, 1.727, 7.926, 8.000, 0.80, 35, 250, 1531, 38, 19, 0, 22, 789
06;37;49, -1.138, 0.981, 9.849, 8.000, 0.11, 35, 250, 1656, 45, 19, 0, 10, 228
06;37;52, -0.118, 0.039, 11.497, 8.000, 0.74, 35, 250, 1303, 45, 19, 0, 16, 410
06;37;54, -0.981, -0.078, 10.556, 8.000, 0.37, 36, 250, 1352, 47, 19, 0, 15, 280
06;37;56, -0.275, 0.235, 11.890, 6.000, 0.15, 36, 250, 1338, 48, 19, 0, 15, 218
06;37;59, 0.824, -0.706, 10.281, 7.000, 0.00, 37, 250, 1234, 44, 19, 0, 12, 218
06;38;01, 0.235, -3.767, 11.850, 8.000, 0.25, 37, 250, 850, 24, 19, 0, 8, 228
06;38;04, -0.039, -1.648, 10.634, 6.000, 0.25, 37, 250, 851, 5, 19, 0, 8, 227
06;38;06, -0.471, -0.432, 9.378, 6.000, 0.23, 38, 250, 762, 0, 19, 0, 7, 217
06;38;08, -0.863, -0.353, 10.634, 5.000, 0.22, 38, 250, 753, 0, 19, 0, 7, 218
06;38;11, -2.119, 1.059, 10.045, 6.000, 0.76, 39, 250, 798, 4, 19, 0, 12, 440
06;38;13, -1.295, -0.314, 9.261, 7.000, 0.19, 39, 250, 929, 16, 19, 0, 12, 285
06;38;15, -1.570, 0.628, 8.633, 7.000, 0.73, 39, 250, 1485, 23, 19, 0, 23, 463
06;38;17, -0.432, -0.078, 10.202, 6.000, 0.22, 39, 250, 849, 30, 19, 0, 13, 243
06;38;20, -0.589, 0.078, 10.909, 5.000, 0.68, 40, 250, 1291, 32, 19, 0, 16, 348
06;38;22, -0.314, -0.275, 10.438, 6.000, 0.25, 40, 250, 1445, 37, 19, 0, 15, 226
06;38;24, -0.863, -0.314, 8.554, 6.000, 0.00, 40, 250, 1335, 34, 18, 0, 15, 234
06;38;27, -1.059, 0.392, 10.673, 6.000, 0.58, 41, 250, 1365, 34, 18, 0, 18, 601
06;38;29, -1.138, 0.196, 10.399, 5.000, 0.69, 41, 250, 1643, 41, 19, 0, 22, 239
06;38;31, -0.981, -0.667, 10.399, 6.000, 0.00, 41, 250, 1593, 41, 18, 0, 17, 219
06;38;34, 0.000, -0.667, 11.380, 6.000, 0.45, 41, 250, 1456, 37, 18, 0, 18, 557
06;38;36, -1.216, 0.628, 10.634, 5.000, 0.72, 42, 250, 1718, 43, 18, 0, 26, 696
06;38;38, -1.059, -0.549, 9.261, 6.000, 0.00, 42, 250, 1766, 45, 18, 0, 20, 221
06;38;41, -0.235, -1.059, 9.575, 5.000, 0.00, 42, 250, 1595, 41, 18, 0, 17, 219
06;38;43, -1.099, -0.942, 10.242, 6.000, 0.00, 43, 250, 1442, 37, 18, 0, 15, 225
06;38;45, -0.706, -0.589, 8.868, 5.000, 0.00, 43, 250, 1279, 33, 18, 0, 13, 221
06;38;48, -0.706, -0.981, 10.045, 7.000, 0.00, 43, 250, 1121, 29, 18, 0, 12, 223
06;38;50, -0.667, -0.628, 10.242, 4.000, 0.11, 44, 250, 974, 25, 18, 0, 10, 214
06;38;52, -0.589, -0.942, 9.771, 5.000, 0.26, 44, 250, 847, 22, 18, 0, 8, 227
06;38;55, -0.628, -0.549, 9.575, 6.000, 0.24, 44, 250, 851, 16, 18, 0, 8, 229
06;38;57, -1.295, -0.196, 9.888, 6.000, 0.24, 44, 250, 851, 12, 18, 0, 7, 244
06;38;59, -1.059, 0.903, 10.006, 5.000, 0.85, 45, 250, 1121, 17, 18, 0, 16, 698
06;39;02, -1.805, 0.785, 8.240, 5.000, 0.80, 45, 250, 1762, 28, 18, 0, 30, 876
06;39;04, -1.413, -0.746, 9.653, 6.000, 0.14, 45, 250, 1243, 38, 18, 0, 11, 289
06;39;06, -3.257, -0.667, 9.221, 6.000, 0.73, 45, 250, 1546, 39, 18, 0, 21, 710
06;39;09, -0.942, 0.589, 11.262, 4.000, 0.65, 45, 250, 1821, 46, 18, 0, 27, 594
06;39;11, -0.275, -0.314, 10.713, 5.000, 0.00, 45, 250, 1555, 47, 18, 0, 9, 223
06;39;13, -0.667, -0.471, 9.771, 5.000, 0.20, 46, 250, 1258, 44, 18, 0, 13, 272
06;39;16, -0.314, -0.510, 10.438, 5.000, 0.38, 46, 250, 1241, 43, 18, 0, 14, 248
06;39;18, -0.510, -0.235, 10.869, 5.000, 0.00, 47, 250, 1163, 41, 18, 0, 12, 225
06;39;20, -0.746, -0.353, 10.359, 5.000, 0.00, 47, 250, 1066, 37, 18, 0, 11, 220
06;39;22, -0.667, -0.196, 9.732, 5.000, 0.24, 47, 250, 839, 33, 18, 0, 8, 222
06;39;25, -0.510, -1.256, 9.928, 6.000, 0.24, 47, 250, 851, 24, 18, 0, 8, 224
06;39;27, 0.314, -1.530, 11.105, 5.000, 0.24, 48, 250, 858, 14, 18, 0, 8, 227
06;39;29, -0.863, -0.392, 11.144, 3.000, 0.26, 48, 250, 849, 9, 18, 0, 12, 342
06;39;32, -1.295, 0.667, 9.614, 5.000, 0.86, 48, 250, 1001, 15, 18, 0, 14, 641
06;39;34, -2.394, 0.981, 10.556, 5.000, 0.78, 48, 250, 1592, 25, 18, 0, 26, 756
06;39;36, 0.157, 0.589, 9.339, 5.000, 0.24, 48, 250, 863, 30, 18, 0, 13, 341
06;39;39, -1.844, -1.099, 10.006, 3.000, 0.84, 48, 250, 1347, 34, 18, 0, 19, 754
06;39;41, -1.099, 0.903, 10.399, 5.000, 0.49, 49, 250, 1641, 41, 18, 0, 17, 231
06;39;43, 0.118, 0.078, 10.281, 3.000, 0.67, 49, 250, 1202, 42, 18, 0, 14, 489
06;39;46, -0.471, -0.392, 7.926, 4.000, 0.45, 49, 250, 1273, 44, 18, 0, 15, 312
06;39;48, -0.118, -0.706, 10.124, 6.000, 0.13, 49, 250, 1264, 44, 18, 0, 13, 283
06;39;50, -1.570, 0.589, 8.554, 3.000, 0.35, 50, 250, 1234, 43, 18, 0, 14, 365
06;39;53, -0.275, -0.314, 10.438, 5.000, 0.20, 50, 250, 1243, 44, 18, 0, 14, 322
06;39;55, 1.452, -0.589, 12.204, 5.000, 0.67, 50, 250, 1293, 45, 18, 0, 16, 355
06;39;57, -0.432, 0.353, 9.692, 5.000, 0.00, 51, 250, 1273, 45, 18, 0, 14, 230
06;40;00, -0.353, -0.589, 8.358, 5.000, 0.00, 51, 250, 1178, 41, 18, 0, 13, 228
06;40;02, -0.039, -0.706, 10.830, 4.000, 0.00, 51, 250, 1090, 38, 18, 0, 12, 227
06;40;04, -0.118, -0.667, 11.026, 4.000, 0.27, 52, 250, 856, 35, 18, 0, 8, 229
06;40;07, 0.196, -0.628, 9.810, 4.000, 0.27, 52, 250, 855, 29, 18, 0, 8, 228
06;40;09, 0.078, -0.589, 9.418, 5.000, 0.31, 52, 250, 852, 21, 18, 0, 8, 232
06;40;11, 0.039, -0.903, 10.045, 4.000, 0.31, 52, 250, 843, 17, 18, 0, 7, 232
06;40;14, -0.432, 0.039, 9.810, 4.000, 0.30, 52, 250, 847, 12, 18, 0, 8, 228
06;40;16, 0.471, -1.099, 9.810, 5.000, 0.30, 52, 250, 864, 8, 18, 0, 8, 235
06;40;18, 0.000, -0.628, 9.967, 3.000, 0.32, 52, 250, 853, 1, 18, 0, 8, 227
06;40;21, -0.275, 0.039, 9.025, 4.000, 0.33, 53, 250, 754, 0, 18, 0, 6, 223
06;40;23, -0.118, -0.235, 10.202, 5.000, 0.33, 53, 250, 750, 0, 18, 0, 6, 224
06;40;25, -0.275, 0.039, 9.300, 4.000, 0.32, 53, 250, 750, 0, 18, 0, 7, 222
06;40;28, -0.235, -0.078, 10.477, 5.000, 0.33, 53, 250, 745, 0, 18, 0, 7, 224
06;40;30, -0.314, 0.785, 9.732, 6.000, 0.47, 53, 250, 1633, 1, 19, 0, 14, 441
06;40;32, -0.981, 1.099, 10.673, 4.000, 0.58, 53, 250, 1843, 15, 19, 0, 29, 311
06;40;35, 0.314, 0.589, 9.261, 4.000, 0.54, 53, 250, 1285, 19, 19, 0, 15, 546
06;40;37, -1.334, 1.609, 8.711, 5.000, 0.73, 53, 250, 1713, 27, 18, 0, 27, 826
06;40;39, 0.549, 0.196, 10.909, 5.000, 0.39, 53, 250, 929, 33, 18, 0, 14, 421
06;40;41, -0.392, 0.706, 10.516, 6.000, 0.78, 53, 250, 1467, 37, 19, 0, 21, 778
06;40;44, -0.196, 0.589, 11.026, 4.000, 0.80, 54, 250, 1764, 44, 18, 0, 14, 241
06;40;46, 0.275, 0.785, 8.554, 3.000, 0.47, 54, 250, 1256, 44, 18, 0, 15, 453
06;40;48, -1.491, 0.432, 10.320, 4.000, 0.57, 54, 250, 1342, 46, 18, 0, 15, 372
06;40;51, -2.080, -1.334, 8.711, 6.000, 0.34, 54, 250, 1338, 47, 18, 0, 15, 356
06;40;53, -1.059, -0.118, 8.633, 5.000, 0.29, 54, 250, 1317, 46, 18, 0, 15, 338
06;40;55, -0.157, -0.353, 10.791, 5.000, 0.27, 55, 250, 1276, 45, 18, 0, 14, 337
06;40;58, -0.196, -0.628, 9.614, 4.000, 0.00, 55, 250, 1247, 43, 18, 0, 13, 231
06;41;00, -0.039, -0.157, 10.673, 5.000, 0.00, 55, 250, 1148, 40, 18, 0, 12, 227
06;41;02, 0.549, -1.020, 9.967, 4.000, 0.27, 56, 250, 968, 34, 18, 0, 8, 240
06;41;05, 0.942, -1.844, 10.359, 5.000, 0.29, 56, 250, 852, 20, 18, 0, 8, 234
06;41;07, 0.471, -1.138, 9.849, 5.000, 0.30, 56, 250, 845, 7, 18, 0, 7, 235
06;41;09, -0.235, -0.235, 10.163, 4.000, 0.29, 56, 250, 854, 2, 18, 0, 8, 234
06;41;12, -0.275, -0.118, 10.163, 5.000, 0.32, 56, 250, 749, 0, 18, 0, 7, 222
06;41;14, -0.275, 0.157, 9.614, 7.000, 0.32, 57, 250, 746, 0, 18, 0, 7, 223
06;41;17, 0.000, 0.000, 10.163, 5.000, 0.31, 57, 250, 751, 0, 18, 0, 6, 223
06;41;19, -0.510, 0.275, 9.888, 5.000, 0.44, 57, 250, 1194, 0, 18, 0, 13, 362
06;41;21, -0.549, 0.392, 9.810, 6.000, 0.53, 57, 250, 996, 8, 19, 0, 14, 397
06;41;24, -1.099, 2.237, 10.752, 5.000, 0.69, 57, 250, 2443, 19, 19, 0, 25, 235
06;41;26, -0.785, -0.275, 9.457, 4.000, 0.84, 57, 250, 1035, 22, 19, 0, 11, 455
06;41;29, -0.392, 0.549, 10.634, 4.000, 0.85, 57, 250, 1169, 29, 19, 0, 15, 675
06;41;31, -0.432, 0.785, 10.791, 4.000, 0.78, 57, 250, 1455, 36, 19, 0, 20, 778
06;41;34, -0.275, 1.138, 11.105, 5.000, 0.18, 57, 250, 1775, 44, 18, 0, 12, 266
06;41;36, -1.413, 0.589, 8.005, 4.000, 0.82, 58, 250, 1341, 46, 18, 0, 17, 740
06;41;38, -0.039, 0.667, 9.143, 6.000, 0.71, 58, 250, 1492, 51, 18, 0, 18, 303
06;41;41, -0.824, 0.235, 9.064, 6.000, 0.40, 58, 250, 1489, 52, 18, 0, 19, 447
06;41;43, 0.118, 0.118, 10.006, 5.000, 0.40, 59, 250, 1528, 53, 18, 0, 18, 463
06;41;46, -0.078, -0.196, 9.378, 6.000, 0.00, 59, 250, 1510, 53, 18, 0, 16, 232
06;41;48, -0.118, -1.020, 8.829, 3.000, 0.00, 59, 250, 1332, 47, 18, 0, 15, 232
06;41;50, 0.549, -0.235, 10.438, 2.000, 0.00, 60, 250, 1209, 42, 18, 0, 13, 227
06;41;53, 2.197, -1.256, 9.535, 5.000, 0.11, 60, 250, 1009, 36, 18, 0, 9, 238
06;41;55, 0.196, -0.667, 10.477, 5.000, 0.26, 60, 250, 851, 29, 18, 0, 8, 231
06;41;58, 0.392, -0.824, 10.163, 5.000, 0.26, 60, 250, 851, 22, 18, 0, 8, 235
06;42;00, 0.549, -1.727, 9.614, 4.000, 0.28, 61, 250, 849, 9, 18, 0, 8, 235
06;42;02, -0.118, -0.432, 10.359, 5.000, 0.26, 61, 250, 853, 1, 18, 0, 8, 231
06;42;05, -0.196, 0.078, 10.045, 4.000, 0.31, 61, 250, 761, 0, 18, 0, 7, 229
06;42;07, -0.275, 0.196, 10.124, 3.000, 0.25, 61, 250, 808, 0, 18, 0, 7, 227
06;42;09, -1.609, 2.119, 10.281, 5.000, 0.77, 61, 250, 1055, 8, 18, 0, 20, 725
06;42;12, -0.118, -0.078, 10.242, 5.000, 0.26, 61, 250, 927, 19, 18, 0, 14, 365
06;42;14, -1.373, 1.766, 9.104, 5.000, 0.76, 61, 250, 1519, 24, 18, 0, 23, 808
06;42;16, 0.275, -0.314, 9.575, 3.000, 0.05, 61, 250, 1236, 33, 18, 0, 9, 270
06;42;18, -0.824, 0.824, 8.829, 4.000, 0.80, 61, 250, 1380, 34, 18, 0, 19, 762
06;42;21, -1.295, 1.020, 10.948, 5.000, 0.76, 62, 250, 1652, 41, 18, 0, 24, 850
06;42;23, -0.078, -0.510, 10.359, 4.000, 0.40, 62, 250, 1346, 45, 18, 0, 15, 561
06;42;25, -0.706, 0.863, 10.516, 4.000, 0.64, 62, 250, 1375, 48, 18, 0, 17, 525
06;42;28, -1.216, 0.196, 8.868, 5.000, 0.50, 62, 250, 1447, 50, 18, 0, 17, 436
06;42;30, 0.314, -0.196, 11.026, 5.000, 0.00, 62, 250, 1400, 49, 18, 0, 15, 234
06;42;32, 0.118, -0.196, 10.045, 4.000, 0.00, 63, 250, 1299, 46, 18, 0, 13, 233
06;42;35, -0.078, -0.353, 10.359, 4.000, 0.00, 63, 250, 1195, 42, 18, 0, 12, 234
06;42;37, 0.471, -0.746, 10.006, 4.000, 0.11, 63, 250, 1029, 37, 18, 0, 8, 235
06;42;39, 0.785, -1.570, 9.888, 5.000, 0.25, 64, 250, 850, 24, 18, 0, 8, 236
06;42;42, 0.549, -2.119, 9.771, 4.000, 0.25, 64, 250, 853, 8, 18, 0, 9, 233
06;42;44, -0.432, 0.667, 9.888, 4.000, 0.49, 64, 250, 909, 7, 18, 0, 13, 459
06;42;46, -0.078, -0.235, 10.202, 4.000, 0.00, 64, 250, 1582, 17, 18, 0, 10, 250
06;42;49, -0.863, 1.177, 10.085, 5.000, 0.84, 64, 250, 1187, 18, 18, 0, 16, 724
06;42;51, -1.020, 1.099, 10.556, 4.000, 0.79, 64, 250, 1813, 28, 18, 0, 29, 942
06;42;53, -0.196, 0.353, 9.771, 5.000, 0.27, 64, 250, 906, 36, 18, 0, 13, 337
06;42;56, -0.353, -0.118, 9.535, 4.000, 0.47, 64, 250, 1395, 35, 18, 0, 17, 481
06;42;58, -1.570, 0.903, 10.556, 4.000, 0.66, 65, 250, 1503, 38, 18, 0, 20, 713
06;43;00, 0.118, 0.353, 11.066, 3.000, 0.62, 65, 250, 1699, 43, 18, 0, 22, 215
06;43;03, -0.392, -0.275, 8.083, 4.000, 0.27, 65, 250, 1277, 43, 18, 0, 13, 434
06;43;05, -1.295, 0.628, 7.377, 4.000, 0.60, 65, 250, 1275, 44, 18, 0, 15, 479
06;43;07, 0.039, -0.039, 11.576, 4.000, 0.76, 65, 250, 1353, 47, 18, 0, 17, 673
06;43;10, -0.824, 0.981, 9.182, 4.000, 0.40, 66, 250, 1439, 51, 18, 0, 17, 248
06;43;12, -0.157, 0.510, 10.085, 4.000, 0.00, 66, 250, 1370, 48, 18, 0, 14, 238
06;43;14, -0.353, -0.510, 9.339, 5.000, 0.00, 66, 250, 1269, 45, 18, 0, 13, 248
06;43;17, -0.157, 0.118, 8.986, 3.000, 0.18, 66, 250, 1190, 42, 18, 0, 12, 294
06;43;19, 0.118, -0.392, 8.751, 6.000, 0.00, 67, 250, 1114, 39, 18, 0, 11, 235
06;43;21, -0.235, -0.471, 9.378, 5.000, 0.10, 67, 250, 1037, 36, 18, 0, 10, 236
06;43;24, 0.118, -0.078, 9.535, 3.000, 0.29, 67, 250, 844, 32, 18, 0, 8, 234
06;43;26, -1.923, -2.040, 9.182, 4.000, 0.26, 67, 250, 851, 24, 18, 0, 7, 242
06;43;28, -1.805, -1.099, 9.025, 3.000, 0.25, 67, 250, 877, 21, 18, 0, 8, 234
06;43;31, 0.039, 1.491, 9.771, 4.000, 0.82, 67, 250, 927, 23, 18, 0, 10, 471
06;43;33, -0.549, 1.256, 8.594, 3.000, 0.83, 67, 250, 1125, 28, 18, 0, 14, 639
06;43;35, -0.078, 0.903, 18.207, 4.000, 0.39, 67, 250, 1304, 33, 18, 0, 14, 249
06;43;37, 0.746, 0.118, 6.553, 6.000, 0.00, 67, 250, 1162, 30, 18, 0, 12, 238
06;43;40, 0.785, -0.824, 9.810, 4.000, 0.14, 67, 250, 988, 25, 18, 0, 10, 255
06;43;42, -0.157, -1.295, 12.125, 4.000, 0.26, 68, 250, 906, 23, 18, 0, 9, 256
06;43;44, 0.392, -1.099, 8.986, 5.000, 0.26, 68, 250, 847, 21, 18, 0, 8, 235
06;43;47, 0.863, -0.157, 9.928, 4.000, 0.26, 68, 250, 846, 12, 18, 0, 8, 233
06;43;49, -0.118, 1.648, 10.124, 5.000, 0.65, 68, 250, 812, 6, 18, 0, 11, 419
06;43;51, -0.667, 1.805, 10.124, 5.000, 0.04, 68, 250, 1734, 16, 18, 0, 10, 256
06;43;54, -4.316, 1.687, 8.554, 5.000, 0.74, 68, 250, 986, 16, 19, 0, 13, 554
06;43;56, -4.866, 2.197, 7.887, 4.000, 0.61, 68, 250, 1451, 23, 19, 0, 20, 756
06;43;58, -0.039, 0.039, 9.496, 3.000, 0.13, 68, 250, 1119, 30, 18, 0, 9, 250
06;44;01, -0.667, 0.981, 9.732, 4.000, 0.77, 68, 250, 1199, 30, 19, 0, 14, 598
06;44;03, -0.746, 0.706, 11.811, 5.000, 0.59, 68, 250, 1392, 35, 18, 0, 16, 457
06;44;05, 0.118, -0.785, 13.459, 4.000, 0.00, 68, 250, 1406, 36, 18, 0, 14, 239
06;44;08, 0.549, -0.667, 9.732, 5.000, 0.05, 69, 250, 1228, 32, 18, 0, 9, 240
06;44;10, 0.196, -0.824, 10.399, 5.000, 0.26, 69, 250, 854, 25, 18, 0, 8, 234
06;44;12, 1.138, -2.040, 10.163, 3.000, 0.25, 69, 250, 849, 9, 18, 0, 8, 234
06;44;15, 0.000, 0.392, 10.006, 4.000, 0.25, 69, 250, 737, 0, 18, 0, 6, 219
06;44;17, -0.039, 0.235, 9.928, 5.000, 0.25, 69, 250, 751, 0, 19, 0, 7, 217
06;44;19, -0.118, 0.432, 9.261, 4.000, 0.26, 69, 250, 744, 0, 19, 0, 11, 384
06;44;22, -0.981, 0.706, 8.986, 4.000, 0.67, 69, 250, 1317, 9, 19, 0, 21, 808
06;44;24, 0.863, 0.157, 10.830, 4.000, 0.00, 69, 250, 1315, 21, 19, 0, 12, 315
06;44;26, -1.413, 0.157, 10.399, 4.000, 0.75, 69, 250, 1559, 25, 19, 0, 23, 853
06;44;29, -0.628, 0.353, 8.829, 5.000, 0.16, 69, 250, 2119, 36, 19, 0, 24, 240
06;44;31, 1.256, -0.039, 11.301, 4.000, 0.15, 70, 250, 1815, 30, 19, 0, 21, 527
06;44;33, 1.177, 0.510, 10.830, 6.000, 0.20, 70, 250, 1741, 29, 19, 0, 20, 389
06;44;36, -2.354, -0.471, 9.692, 3.000, 0.63, 70, 250, 1802, 29, 18, 0, 28, 811
06;44;38, -1.530, 0.628, 9.496, 4.000, 0.06, 70, 250, 2090, 38, 19, 0, 15, 241
06;44;40, 0.000, -0.510, 11.380, 6.000, 0.31, 70, 250, 1441, 36, 19, 0, 16, 351
06;44;43, 0.981, -0.196, 11.105, 4.000, 0.00, 71, 250, 1286, 33, 19, 0, 13, 235
06;44;45, 0.942, -0.078, 10.516, 3.000, 0.00, 71, 250, 1102, 28, 19, 0, 11, 234
06;44;47, 0.471, -0.118, 9.888, 5.000, 0.25, 71, 250, 854, 25, 19, 0, 8, 236
06;44;49, 0.667, 0.471, 10.909, 5.000, 0.24, 71, 250, 848, 22, 19, 0, 8, 234
06;44;52, 0.235, 0.314, 9.771, 4.000, 0.24, 72, 250, 877, 18, 19, 0, 8, 238
06;44;54, 0.078, 0.196, 9.653, 5.000, 0.25, 72, 250, 843, 16, 19, 0, 8, 235
06;44;56, 0.275, 0.157, 9.614, 5.000, 0.24, 72, 250, 850, 13, 19, 0, 8, 231
06;44;59, 1.256, -0.628, 8.437, 4.000, 0.25, 72, 250, 842, 9, 19, 0, 8, 235
06;45;01, 1.177, -0.432, 9.535, 5.000, 0.26, 72, 250, 848, 1, 19, 0, 7, 220
06;45;03, 0.196, 0.275, 9.771, 4.000, 0.25, 72, 250, 750, 0, 19, 0, 7, 219
06;45;06, 0.432, 0.353, 9.732, 5.000, 0.25, 72, 250, 749, 0, 19, 0, 6, 219
06;45;08, 0.392, 0.471, 10.124, 4.000, 0.24, 72, 250, 748, 0, 19, 0, 7, 219
06;45;10, 0.275, 0.392, 9.888, 5.000, 0.25, 72, 250, 752, 0, 19, 0, 7, 219
06;45;13, 0.235, 0.392, 9.614, 6.000, 0.25, 72, 250, 747, 0, 19, 0, 6, 221
06;45;15, 0.157, 0.353, 10.281, 5.000, 0.25, 72, 250, 748, 0, 19, 0, 7, 219
06;45;18, 0.078, 0.432, 10.516, 5.000, 0.24, 72, 250, 750, 0, 20, 0, 7, 220
06;45;20, 0.314, 0.353, 10.516, 5.000, 0.25, 72, 250, 748, 0, 20, 0, 7, 219
06;45;23, -0.942, 1.059, 9.849, 5.000, 0.43, 72, 250, 1653, 0, 20, 0, 16, 485
06;45;25, -1.648, 1.570, 9.575, 5.000, 0.59, 72, 250, 1711, 14, 20, 0, 23, 263
06;45;28, 0.157, 0.824, 8.554, 5.000, 0.44, 72, 250, 1118, 17, 20, 0, 13, 525
06;45;30, -0.628, 1.570, 7.613, 5.000, 0.74, 72, 250, 1582, 25, 20, 0, 24, 815
06;45;32, 0.589, 0.353, 10.320, 5.000, 0.24, 72, 250, 859, 30, 20, 0, 13, 380
06;45;35, 0.196, -0.157, 10.085, 6.000, 0.73, 73, 250, 1234, 31, 19, 0, 15, 468
06;45;37, 0.039, 1.687, 11.340, 6.000, 0.39, 73, 250, 1297, 33, 19, 0, 15, 520
06;45;40, -0.314, 1.216, 10.948, 5.000, 0.64, 73, 250, 1408, 35, 19, 0, 16, 262
06;45;42, -0.824, 0.863, 10.869, 6.000, 0.53, 73, 250, 1392, 35, 19, 0, 17, 540
06;45;44, -0.118, -0.275, 9.221, 4.000, 0.00, 73, 250, 1347, 35, 19, 0, 14, 241
06;45;47, 1.727, -0.275, 9.418, 6.000, 0.00, 74, 250, 1008, 26, 19, 0, 8, 240
06;45;49, 0.510, 0.275, 10.242, 5.000, 0.24, 74, 250, 852, 19, 19, 0, 8, 232
06;45;52, 0.314, 0.078, 10.124, 4.000, 0.24, 74, 250, 853, 17, 19, 0, 8, 235
06;45;54, 0.078, 0.549, 10.869, 5.000, 0.24, 74, 250, 847, 13, 19, 0, 7, 233
06;45;56, 0.157, 0.432, 9.810, 5.000, 0.49, 74, 250, 836, 12, 20, 0, 8, 309
06;45;59, 1.334, -0.157, 10.438, 6.000, 0.24, 75, 250, 847, 13, 20, 0, 7, 239
06;46;01, 0.942, 0.353, 10.556, 4.000, 0.24, 75, 250, 838, 9, 20, 0, 11, 359
06;46;03, -1.962, 1.452, 9.064, 6.000, 0.70, 75, 250, 1912, 15, 20, 0, 27, 250
06;46;06, 0.000, 0.706, 8.672, 5.000, 0.55, 75, 250, 1277, 19, 20, 0, 16, 611
06;46;08, -0.981, 1.648, 8.476, 5.000, 0.73, 75, 250, 1742, 28, 20, 0, 27, 880
06;46;10, 0.118, 0.196, 8.005, 5.000, 0.43, 75, 250, 867, 32, 19, 0, 15, 476
06;46;13, -0.471, 0.275, 10.595, 5.000, 0.80, 75, 250, 1401, 35, 19, 0, 18, 525
06;46;15, 0.510, -1.099, 8.986, 5.000, 0.00, 75, 250, 1408, 36, 19, 0, 15, 242
06;46;17, -1.844, 0.981, 7.259, 4.000, 0.78, 75, 250, 1359, 34, 19, 0, 17, 647
06;46;20, -1.962, -1.334, 13.028, 6.000, 0.62, 76, 250, 1538, 39, 19, 0, 20, 656
06;46;22, 0.392, 0.824, 10.124, 7.000, 0.73, 76, 250, 1708, 42, 19, 0, 25, 878
06;46;24, -0.510, 1.099, 9.653, 6.000, 0.79, 76, 250, 1973, 49, 19, 0, 24, 239
06;46;26, 0.903, 0.863, 10.242, 4.000, 0.23, 76, 250, 1395, 50, 19, 0, 16, 453
06;46;29, 0.235, 0.863, 9.535, 5.000, 0.21, 77, 250, 1413, 50, 19, 0, 17, 495
06;46;31, 1.687, 0.667, 9.928, 5.000, 0.00, 77, 250, 1439, 52, 19, 0, 16, 291
06;46;33, -0.039, 1.687, 9.849, 4.000, 0.76, 77, 250, 1488, 52, 19, 0, 20, 798
06;46;36, 0.549, 0.863, 9.732, 5.000, 0.77, 78, 250, 1618, 56, 19, 0, 21, 815
06;46;38, -0.039, 0.863, 9.732, 5.000, 0.74, 78, 250, 1751, 61, 19, 0, 22, 319
06;46;40, -0.196, 0.510, 9.653, 5.000, 0.70, 78, 250, 1769, 62, 19, 0, 24, 875
06;46;43, 0.706, 0.314, 11.105, 5.000, 0.24, 78, 250, 869, 63, 19, 0, 15, 426
06;46;45, 0.824, 0.549, 9.928, 6.000, 0.65, 78, 250, 1445, 63, 19, 0, 18, 653
06;46;47, -0.392, 0.392, 10.006, 4.000, 0.58, 78, 250, 1479, 65, 19, 0, 17, 307
06;46;50, 0.353, -0.196, 9.025, 5.000, 0.36, 77, 250, 1484, 63, 19, 0, 16, 583
06;46;52, -0.157, -0.039, 10.124, 5.000, 0.81, 77, 250, 1467, 64, 19, 0, 18, 665
06;46;54, 0.235, -1.805, 10.830, 5.000, 0.58, 76, 250, 1498, 66, 19, 0, 18, 612
06;46;57, -1.177, 0.667, 9.614, 6.000, 0.77, 75, 250, 1495, 65, 20, 0, 20, 769
06;46;59, -1.295, -1.727, 9.496, 7.000, 0.62, 74, 250, 1455, 64, 19, 0, 18, 652
06;47;01, -1.295, 0.353, 9.810, 5.000, 0.84, 74, 250, 1429, 63, 20, 0, 18, 755
06;47;04, 0.432, 0.706, 11.733, 5.000, 0.85, 74, 250, 1445, 63, 20, 0, 20, 720
06;47;06, -2.040, -0.196, 11.654, 6.000, 0.60, 74, 250, 1489, 65, 20, 0, 18, 591
06;47;08, -0.235, -0.981, 9.182, 5.000, 0.00, 74, 250, 1485, 65, 20, 0, 16, 239
06;47;11, 0.314, 0.353, 6.004, 5.000, 0.00, 74, 250, 1444, 64, 20, 0, 15, 237
06;47;13, 0.942, -1.805, 9.300, 6.000, 0.00, 75, 250, 1265, 56, 20, 0, 13, 236
06;47;15, 0.118, -2.276, 10.556, 7.000, 0.13, 75, 250, 996, 46, 20, 0, 8, 243
06;47;17, 1.844, -1.766, 9.457, 9.000, 0.24, 75, 250, 845, 26, 20, 0, 8, 233
06;47;20, 0.824, -0.589, 10.477, 5.000, 0.24, 75, 250, 860, 10, 20, 0, 8, 233
06;47;22, 0.706, 0.000, 10.045, 5.000, 0.24, 75, 250, 853, 3, 20, 0, 8, 232
06;47;24, 0.275, 0.275, 10.320, 6.000, 0.22, 75, 250, 751, 0, 20, 0, 7, 218
06;47;27, 0.275, 0.392, 10.085, 4.000, 0.22, 75, 250, 750, 0, 20, 0, 7, 218
06;47;29, 0.078, 0.275, 9.849, 5.000, 0.22, 75, 250, 751, 0, 20, 0, 7, 218
06;47;31, 0.078, 0.903, 9.104, 5.000, 0.22, 75, 250, 752, 0, 20, 0, 6, 219
06;47;34, -0.118, 0.471, 9.810, 4.000, 0.22, 75, 250, 1009, 1, 20, 0, 7, 248
06;47;36, 0.392, 0.275, 9.810, 5.000, 0.24, 74, 250, 849, 2, 20, 0, 7, 231
06;47;38, -0.510, 1.334, 8.437, 6.000, 0.60, 74, 250, 816, 4, 20, 0, 9, 315
06;47;41, -0.549, 1.844, 10.045, 5.000, 0.46, 74, 250, 1626, 13, 20, 0, 23, 281
06;47;43, -0.039, 0.118, 9.692, 6.000, 0.31, 73, 250, 1090, 17, 21, 0, 12, 405
06;47;45, 0.314, 1.452, 10.438, 5.000, 0.63, 73, 250, 1431, 22, 21, 0, 19, 729
06;47;48, 0.549, -0.549, 10.869, 6.000, 0.01, 73, 250, 1748, 29, 21, 0, 19, 332
06;47;50, -2.668, -2.001, 11.026, 5.000, 0.31, 73, 250, 1701, 28, 21, 0, 21, 626
06;47;52, -2.276, -0.471, 9.732, 4.000, 0.62, 72, 250, 2036, 33, 21, 0, 33, 917
06;47;55, -0.118, -0.157, 9.496, 5.000, 0.04, 73, 250, 1245, 38, 21, 0, 9, 242
06;47;57, -0.549, 0.471, 9.064, 7.000, 0.00, 73, 250, 1289, 33, 21, 0, 13, 240
06;47;59, -0.824, 0.628, 9.928, 6.000, 0.67, 73, 250, 1186, 30, 21, 0, 13, 398
06;48;02, 1.020, 1.373, 11.301, 7.000, 0.55, 73, 250, 1146, 29, 21, 0, 12, 395
06;48;04, -0.863, 0.235, 9.732, 6.000, 0.25, 73, 250, 1091, 28, 21, 0, 11, 327
06;48;06, -3.021, -2.394, 8.907, 5.000, 0.82, 74, 250, 1170, 29, 21, 0, 15, 675
06;48;09, -0.157, 0.628, 7.966, 6.000, 0.77, 74, 250, 1459, 36, 21, 0, 20, 767
06;48;11, 0.275, 0.903, 8.240, 5.000, 0.62, 74, 250, 1748, 44, 21, 0, 24, 653
06;48;13, 0.196, 0.235, 9.339, 4.000, 0.35, 74, 250, 1897, 48, 21, 0, 24, 615
06;48;16, 0.510, 1.099, 11.223, 5.000, 0.53, 75, 250, 2012, 51, 21, 0, 29, 432
06;48;18, -0.157, 0.471, 9.064, 5.000, 0.22, 75, 250, 1492, 52, 21, 0, 16, 474
06;48;20, 0.785, 1.452, 10.045, 4.000, 0.54, 75, 250, 1517, 53, 21, 0, 18, 611
06;48;23, 0.078, 1.373, 10.909, 6.000, 0.56, 75, 250, 1605, 56, 21, 0, 19, 734
06;48;25, -0.235, 1.059, 10.438, 7.000, 0.73, 75, 250, 1703, 59, 21, 0, 24, 827
06;48;27, 0.785, 0.549, 8.123, 5.000, 0.72, 75, 250, 1808, 63, 21, 0, 26, 847
06;48;30, 0.628, 0.392, 10.634, 5.000, 0.00, 75, 250, 1428, 66, 21, 0, 9, 247
06;48;32, 0.510, 0.824, 9.810, 5.000, 0.59, 75, 250, 1469, 64, 21, 0, 18, 639
06;48;34, -1.413, 1.138, 9.614, 6.000, 0.64, 75, 250, 1491, 66, 21, 0, 18, 675
06;48;37, -0.039, 1.491, 11.144, 5.000, 0.64, 75, 250, 1531, 67, 21, 0, 19, 682
06;48;39, -1.491, 0.785, 12.400, 5.000, 0.65, 75, 250, 1522, 67, 21, 0, 19, 687
06;48;41, 2.001, 1.805, 10.752, 6.000, 0.65, 75, 250, 1488, 66, 20, 0, 19, 683
06;48;44, -1.844, 0.824, 9.967, 6.000, 0.65, 75, 250, 1487, 65, 21, 0, 18, 633
06;48;46, 1.452, 1.138, 10.830, 5.000, 0.16, 75, 250, 1490, 66, 21, 0, 17, 246
06;48;48, 1.177, 0.275, 8.751, 6.000, 0.00, 75, 250, 1436, 63, 21, 0, 15, 241
06;48;51, 0.589, -0.235, 9.221, 5.000, 0.00, 75, 250, 1404, 62, 21, 0, 14, 237
06;48;53, 0.746, 0.589, 10.634, 5.000, 0.00, 75, 250, 1383, 61, 21, 0, 14, 238
06;48;55, -0.039, -0.196, 10.124, 4.000, 0.00, 75, 250, 1345, 59, 21, 0, 15, 239
06;48;58, -0.118, 0.471, 9.732, 6.000, 0.00, 75, 250, 1310, 57, 21, 0, 14, 239
06;49;00, -0.549, -1.452, 9.104, 7.000, 0.00, 75, 250, 1215, 54, 21, 0, 12, 236
06;49;02, 0.353, -1.609, 9.496, 5.000, 0.25, 75, 250, 855, 44, 21, 0, 8, 235
06;49;04, 2.276, -0.589, 9.653, 5.000, 0.24, 74, 250, 851, 28, 21, 0, 7, 233
06;49;07, 2.040, 0.157, 9.575, 5.000, 0.24, 74, 250, 852, 13, 21, 0, 8, 232
06;49;09, 1.334, 0.157, 9.339, 5.000, 0.24, 74, 250, 851, 7, 21, 0, 8, 233
06;49;12, 1.373, 0.314, 9.810, 5.000, 0.24, 74, 250, 850, 2, 21, 0, 8, 233
06;49;14, 0.706, 0.589, 9.692, 6.000, 0.22, 74, 250, 750, 0, 21, 0, 7, 219
06;49;17, 0.863, 0.903, 9.300, 5.000, 0.22, 73, 250, 750, 0, 21, 0, 7, 218
06;49;19, 0.942, 0.903, 9.221, 6.000, 0.22, 73, 250, 750, 0, 21, 0, 7, 220
06;49;21, 0.903, 0.785, 9.418, 4.000, 0.23, 73, 250, 752, 0, 21, 0, 7, 220
06;49;24, 0.903, 0.706, 10.242, 5.000, 0.22, 73, 250, 749, 0, 22, 0, 6, 221
06;49;26, 1.256, 0.981, 10.163, 5.000, 0.23, 73, 250, 752, 0, 22, 0, 7, 220
06;49;29, 0.863, 0.706, 10.438, 6.000, 0.23, 73, 250, 750, 0, 22, 0, 6, 219
06;49;31, 1.216, 1.020, 10.124, 5.000, 0.22, 73, 250, 751, 0, 22, 0, 6, 220
06;49;33, 0.785, 0.785, 10.516, 6.000, 0.23, 73, 250, 750, 0, 22, 0, 6, 218
06;49;36, 1.138, 0.824, 9.732, 6.000, 0.02, 73, 250, 1335, 0, 22, 0, 19, 245
06;49;38, 1.138, 0.628, 9.653, 6.000, 0.26, 73, 250, 848, 2, 22, 0, 8, 234
06;49;41, 1.099, 0.746, 9.692, 5.000, 0.24, 73, 250, 851, 0, 22, 0, 8, 221
06;49;43, 0.824, 0.824, 10.477, 6.000, 0.40, 73, 250, 1149, 0, 22, 0, 24, 397
06;49;46, 0.589, 2.040, 9.771, 5.000, 0.51, 73, 250, 1134, 9, 22, 0, 17, 499
06;49;48, 1.413, 1.177, 9.535, 6.000, 0.00, 73, 250, 1615, 20, 22, 0, 10, 246
06;49;50, 1.687, 1.570, 11.890, 5.000, 0.62, 73, 250, 1348, 21, 23, 0, 19, 743
06;49;53, -0.039, 1.609, 10.516, 5.000, 0.56, 73, 250, 1993, 32, 22, 0, 20, 244
06;49;55, 0.078, 0.589, 10.477, 5.000, 0.29, 73, 250, 1376, 34, 22, 0, 16, 589
06;49;57, 0.039, 0.746, 8.986, 6.000, 0.68, 73, 250, 1611, 40, 22, 0, 22, 773
06;50;00, 0.353, -0.275, 10.359, 5.000, 0.07, 74, 250, 1168, 46, 22, 0, 9, 241
06;50;02, 0.000, 1.059, 10.673, 6.000, 0.45, 74, 250, 1306, 45, 22, 0, 14, 469
06;50;04, 0.903, -0.353, 11.772, 6.000, 0.00, 74, 250, 1314, 46, 22, 0, 13, 254
06;50;06, 0.000, 0.235, 11.105, 4.000, 0.78, 74, 250, 1321, 46, 22, 0, 16, 677
06;50;09, 0.863, 0.510, 9.967, 5.000, 0.02, 75, 250, 1402, 49, 22, 0, 15, 239
06;50;11, -0.078, 0.549, 9.104, 5.000, 0.49, 75, 250, 1381, 48, 22, 0, 16, 497
06;50;14, 1.216, 0.628, 9.849, 5.000, 0.00, 75, 250, 1386, 49, 22, 0, 16, 387
06;50;16, 0.235, 0.667, 9.732, 7.000, 0.00, 75, 250, 1372, 48, 22, 0, 15, 238
06;50;18, 0.471, 0.196, 8.672, 7.000, 0.33, 75, 250, 1343, 46, 22, 0, 15, 545
06;50;20, 0.039, 1.020, 11.026, 7.000, 0.63, 75, 250, 1386, 48, 22, 0, 17, 597
06;50;23, 0.039, 1.256, 9.025, 6.000, 0.13, 75, 250, 1430, 51, 22, 0, 15, 240
06;50;25, 0.746, 0.196, 11.968, 5.000, 0.00, 75, 250, 1386, 49, 22, 0, 15, 256
06;50;27, 1.216, 0.471, 9.732, 7.000, 0.00, 74, 250, 1313, 46, 22, 0, 14, 240
06;50;30, 1.177, -0.510, 10.202, 5.000, 0.26, 74, 250, 853, 37, 22, 0, 8, 233
06;50;32, 1.295, -1.413, 10.556, 4.000, 0.24, 74, 250, 847, 24, 22, 0, 7, 231
06;50;34, 0.235, -0.706, 9.614, 5.000, 0.24, 74, 250, 851, 9, 22, 0, 8, 233
06;50;37, 0.510, 0.275, 9.339, 6.000, 0.24, 74, 250, 849, 2, 22, 0, 7, 233
06;50;39, 0.275, 0.392, 10.477, 5.000, 0.23, 74, 250, 750, 0, 22, 0, 7, 219
06;50;41, 0.235, 0.628, 9.496, 4.000, 0.23, 74, 250, 751, 0, 23, 0, 7, 220
06;50;44, 0.706, 0.746, 9.928, 7.000, 0.22, 74, 250, 752, 0, 23, 0, 6, 219
06;50;46, 0.314, 0.549, 10.045, 6.000, 0.23, 74, 250, 749, 0, 23, 0, 7, 219
06;50;48, 0.275, 0.746, 9.025, 5.000, 0.23, 74, 250, 750, 0, 23, 0, 6, 219
06;50;51, 0.314, 0.510, 9.771, 6.000, 0.23, 74, 250, 752, 0, 23, 0, 7, 217
06;50;53, 0.196, 0.510, 10.124, 6.000, 0.22, 74, 250, 749, 0, 23, 0, 7, 219
06;50;55, 0.392, 0.706, 9.300, 6.000, 0.23, 74, 250, 750, 0, 23, 0, 6, 219
06;50;58, 0.196, 0.589, 10.085, 7.000, 0.23, 74, 250, 750, 0, 23, 0, 6, 220
06;51;00, 0.353, 0.589, 10.085, 7.000, 0.22, 74, 250, 747, 0, 23, 0, 6, 219
06;51;02, 0.000, 0.589, 9.143, 6.000, 0.23, 74, 250, 748, 0, 23, 0, 6, 219
06;51;05, 0.039, 0.432, 9.418, 7.000, 0.23, 74, 250, 749, 0, 23, 0, 7, 219
06;51;07, 0.235, 0.471, 10.006, 5.000, 0.23, 74, 250, 749, 0, 23, 0, 6, 219
06;51;09, 0.235, 0.353, 10.477, 5.000, 0.22, 74, 250, 751, 0, 24, 0, 7, 219
06;51;12, 0.432, 0.510, 10.320, 6.000, 0.22, 74, 250, 747, 0, 24, 0, 6, 219
06;51;14, 0.196, 0.589, 9.104, 6.000, 0.23, 74, 250, 749, 0, 24, 0, 6, 218
06;51;16, 0.549, 0.628, 9.967, 5.000, 0.22, 74, 250, 749, 0, 24, 0, 7, 219
06;51;19, 0.353, 0.589, 10.242, 6.000, 0.22, 74, 250, 749, 0, 24, 0, 6, 220
06;51;21, 0.196, 0.628, 10.163, 5.000, 0.24, 74, 250, 756, 0, 24, 0, 7, 219
06;51;23, 0.000, 0.353, 9.300, 6.000, 0.23, 74, 250, 748, 0, 24, 0, 7, 220
06;51;26, -0.510, 1.413, 9.457, 6.000, 0.22, 74, 250, 2088, 0, 24, 0, 12, 351
06;51;28, -0.746, 2.276, 8.554, 6.000, 0.56, 74, 250, 1367, 11, 24, 0, 22, 777
06;51;30, 0.746, 0.353, 10.281, 6.000, 0.49, 74, 250, 863, 17, 24, 0, 16, 498
06;51;33, -0.039, 2.472, 10.320, 6.000, 0.73, 74, 250, 1459, 23, 24, 0, 20, 764
06;51;35, 1.059, 2.668, 10.556, 6.000, 0.61, 74, 250, 1931, 31, 24, 0, 27, 582
06;51;37, 0.903, 0.118, 9.457, 6.000, 0.27, 74, 250, 1109, 33, 24, 0, 15, 545
06;51;39, -0.196, 1.452, 8.123, 6.000, 0.78, 74, 250, 1466, 36, 24, 0, 20, 767
06;51;42, -0.353, 1.727, 9.182, 6.000, 0.70, 74, 250, 1697, 42, 24, 0, 18, 253
06;51;44, 0.314, 1.256, 8.123, 4.000, 0.69, 74, 250, 1243, 43, 24, 0, 15, 594
06;51;46, -0.235, 0.785, 9.221, 7.000, 0.67, 74, 250, 1366, 47, 24, 0, 17, 623
06;51;49, 0.196, 0.078, 9.496, 7.000, 0.00, 75, 250, 1449, 51, 24, 0, 16, 240
06;51;51, -0.157, 0.942, 9.928, 6.000, 0.53, 75, 250, 1482, 52, 24, 0, 19, 585
06;51;53, 1.452, 0.314, 10.673, 6.000, 0.00, 75, 250, 1538, 54, 24, 0, 16, 241
06;51;56, 0.667, 0.196, 9.535, 6.000, 0.00, 75, 250, 1471, 52, 24, 0, 16, 315
06;51;58, 1.099, 1.648, 10.163, 6.000, 0.46, 75, 250, 1487, 52, 24, 0, 18, 524
06;52;00, 0.078, 0.432, 10.516, 5.000, 0.28, 75, 250, 1522, 52, 24, 0, 17, 537
06;52;03, 0.942, 0.903, 10.713, 7.000, 0.20, 75, 250, 1515, 54, 24, 0, 16, 238
06;52;05, 1.099, 0.746, 11.654, 6.000, 0.40, 75, 250, 1503, 52, 24, 0, 17, 551
06;52;07, 0.118, 0.235, 8.790, 7.000, 0.16, 75, 250, 1546, 54, 24, 0, 16, 246
06;52;10, 0.981, 0.471, 10.438, 5.000, 0.36, 75, 250, 1508, 53, 24, 0, 18, 575
06;52;12, 0.863, 0.549, 11.144, 5.000, 0.43, 75, 250, 1572, 55, 24, 0, 19, 511
06;52;14, 0.903, 0.510, 10.202, 6.000, 0.15, 75, 250, 1593, 56, 24, 0, 18, 244
06;52;17, -0.039, 1.020, 10.359, 6.000, 0.42, 74, 250, 1572, 55, 24, 0, 19, 564
06;52;19, 0.746, 0.392, 9.692, 7.000, 0.00, 74, 250, 1567, 55, 24, 0, 17, 243
06;52;21, 0.275, 0.392, 11.615, 6.000, 0.00, 74, 250, 1491, 52, 24, 0, 16, 239
06;52;24, 0.000, 0.314, 8.711, 6.000, 0.00, 74, 250, 1408, 49, 24, 0, 15, 239
06;52;26, 1.491, 0.235, 11.733, 7.000, 0.11, 74, 250, 1336, 47, 24, 0, 14, 262
06;52;28, 0.706, 1.413, 9.418, 5.000, 0.15, 74, 250, 1280, 45, 24, 0, 13, 245
06;52;31, -0.432, 0.824, 10.752, 6.000, 0.00, 74, 250, 1210, 42, 24, 0, 13, 240
06;52;33, 0.785, 0.314, 10.516, 7.000, 0.24, 74, 250, 865, 40, 24, 0, 8, 234
06;52;35, 0.235, -0.039, 11.026, 6.000, 0.00, 74, 250, 928, 39, 24, 0, 15, 232
06;52;38, 0.785, 0.157, 8.672, 6.000, 0.00, 74, 250, 1374, 35, 24, 0, 14, 241
06;52;40, 0.157, 0.235, 8.633, 7.000, 0.00, 74, 250, 1082, 27, 24, 0, 11, 236
06;52;42, 0.432, 0.196, 8.437, 7.000, 0.25, 74, 250, 848, 22, 24, 0, 8, 232
06;52;45, 0.314, 0.353, 9.221, 7.000, 0.24, 74, 250, 848, 18, 24, 0, 8, 230
06;52;47, 0.785, -0.706, 9.928, 6.000, 0.24, 74, 250, 851, 13, 24, 0, 8, 233
06;52;49, 0.471, 0.078, 9.496, 7.000, 0.23, 74, 250, 854, 2, 24, 0, 8, 234
06;52;52, 0.471, 0.235, 9.732, 7.000, 0.19, 74, 250, 851, 0, 24, 0, 6, 220
06;52;54, 0.118, 0.549, 9.143, 7.000, 0.22, 74, 250, 746, 0, 24, 0, 6, 221
06;52;56, 0.510, 0.510, 10.163, 6.000, 0.22, 74, 250, 747, 0, 24, 0, 6, 219
06;52;59, 0.392, 0.392, 10.006, 6.000, 0.22, 74, 250, 750, 0, 24, 0, 7, 219
06;53;01, 0.314, 0.706, 10.516, 6.000, 0.39, 74, 250, 1514, 0, 24, 0, 20, 571
06;53;03, -0.392, 1.570, 10.045, 7.000, 0.53, 74, 250, 1255, 9, 25, 0, 18, 633
06;53;06, 0.275, 1.138, 8.986, 6.000, 0.00, 74, 250, 1403, 19, 25, 0, 8, 247
06;53;08, -0.785, 1.805, 9.496, 4.000, 0.68, 74, 250, 1326, 21, 25, 0, 17, 693
06;53;11, -0.039, 2.237, 9.928, 8.000, 0.64, 74, 250, 1937, 30, 25, 0, 20, 249
06;53;13, 1.334, 0.863, 10.202, 7.000, 0.21, 74, 250, 858, 32, 25, 0, 13, 370
06;53;15, 0.667, 1.530, 10.869, 6.000, 0.55, 74, 250, 1316, 33, 25, 0, 15, 429
06;53;18, 1.099, -0.078, 10.359, 7.000, 0.11, 74, 250, 1360, 35, 25, 0, 15, 244
06;53;20, -1.020, -1.059, 11.929, 6.000, 0.34, 74, 250, 1290, 32, 25, 0, 14, 397
06;53;23, -2.197, 0.118, 7.495, 7.000, 0.29, 74, 250, 1224, 30, 25, 0, 13, 394
06;53;25, -1.256, -1.059, 9.575, 6.000, 0.71, 75, 250, 1283, 32, 25, 0, 16, 600
06;53;28, 1.884, 1.962, 10.163, 8.000, 0.56, 75, 250, 1448, 36, 24, 0, 18, 583
06;53;30, 0.903, 1.570, 8.515, 6.000, 0.75, 75, 250, 1625, 41, 24, 0, 23, 821
06;53;32, 0.275, 0.275, 11.458, 7.000, 0.00, 75, 250, 1347, 47, 24, 0, 14, 367
06;53;35, -0.471, 2.080, 9.418, 6.000, 0.82, 75, 250, 1364, 47, 24, 0, 18, 758
06;53;37, -1.609, 1.138, 10.830, 5.000, 0.77, 75, 250, 1504, 52, 24, 0, 20, 775
06;53;40, 0.078, 0.275, 10.673, 5.000, 0.56, 75, 250, 1613, 56, 24, 0, 21, 642
06;53;42, 0.157, 0.000, 9.104, 8.000, 0.01, 75, 250, 1659, 58, 24, 0, 18, 426
06;53;44, 0.000, 0.078, 9.732, 7.000, 0.64, 75, 250, 1683, 58, 24, 0, 22, 760
06;53;47, -0.589, 0.903, 10.163, 6.000, 0.62, 75, 250, 1779, 62, 24, 0, 24, 776
06;53;49, -0.824, 1.805, 11.301, 7.000, 0.64, 75, 250, 1843, 64, 24, 0, 26, 810
06;53;51, -0.353, 0.746, 11.066, 7.000, 0.59, 75, 250, 1868, 65, 24, 0, 26, 890
06;53;54, -0.667, 0.353, 9.928, 7.000, 0.80, 75, 250, 1884, 66, 24, 0, 28, 927
06;53;56, -0.157, 1.413, 8.790, 7.000, 0.80, 75, 250, 1940, 67, 24, 0, 30, 941
06;53;58, -1.530, 3.689, 9.810, 7.000, 0.68, 76, 250, 1997, 70, 24, 0, 30, 885
06;54;01, 0.353, 0.746, 9.928, 7.000, 0.41, 76, 250, 2001, 70, 24, 0, 29, 749
06;54;03, -0.039, -0.078, 9.261, 7.000, 0.00, 76, 250, 1992, 72, 24, 0, 22, 242
06;54;05, 0.824, -0.589, 8.751, 6.000, 0.00, 76, 250, 1962, 69, 23, 0, 21, 237
06;54;08, -0.235, -0.039, 8.240, 6.000, 0.00, 76, 250, 1905, 67, 24, 0, 20, 244
06;54;10, 0.589, -1.138, 9.025, 7.000, 0.00, 76, 250, 1885, 66, 24, 0, 19, 236
06;54;12, 0.235, -0.353, 9.928, 8.000, 0.00, 76, 250, 1863, 65, 24, 0, 21, 242
06;54;15, 0.157, -0.589, 10.713, 7.000, 0.00, 76, 250, 1818, 64, 24, 0, 19, 240
06;54;17, 1.020, -0.275, 10.242, 7.000, 0.00, 75, 250, 1641, 58, 24, 0, 17, 236
06;54;19, 1.020, -1.334, 10.477, 7.000, 0.00, 75, 250, 1395, 51, 24, 0, 14, 240
06;54;21, 1.570, -1.177, 9.221, 7.000, 0.24, 75, 250, 855, 36, 24, 0, 7, 236
06;54;24, 0.549, -0.746, 9.339, 8.000, 0.24, 75, 250, 847, 28, 24, 0, 7, 233
06;54;26, 1.216, -0.903, 10.163, 7.000, 0.22, 74, 250, 883, 16, 24, 0, 7, 230
06;54;28, 0.432, -0.314, 9.418, 7.000, 0.24, 74, 250, 835, 11, 24, 0, 7, 233
06;54;31, 0.314, 0.039, 10.045, 7.000, 0.26, 74, 250, 855, 6, 24, 0, 12, 402
06;54;33, 0.039, 1.256, 10.634, 7.000, 0.58, 74, 250, 1584, 12, 24, 0, 26, 598
06;54;35, 0.785, 0.432, 9.261, 7.000, 0.24, 74, 250, 854, 18, 24, 0, 8, 230
06;54;38, -0.118, 1.020, 9.221, 7.000, 0.71, 74, 250, 1105, 17, 24, 0, 13, 573
06;54;40, -1.844, 2.080, 9.025, 8.000, 0.64, 74, 250, 1641, 26, 24, 0, 23, 779
06;54;42, -0.039, -0.314, 11.066, 8.000, 0.00, 74, 250, 1541, 34, 24, 0, 9, 239
06;54;45, 0.118, 1.334, 9.025, 6.000, 0.13, 74, 250, 1287, 32, 24, 0, 13, 388
06;54;47, 0.942, 0.471, 9.771, 7.000, 0.60, 74, 250, 1336, 33, 24, 0, 17, 589
06;54;49, -0.314, 0.667, 10.085, 7.000, 0.00, 74, 250, 1408, 37, 24, 0, 15, 241
06;54;52, -0.392, -0.157, 10.124, 6.000, 0.11, 74, 250, 1353, 35, 24, 0, 14, 290
06;54;54, 0.510, -0.157, 8.005, 4.000, 0.00, 75, 250, 1287, 33, 24, 0, 13, 241
06;54;56, 0.903, -0.196, 9.339, 8.000, 0.00, 75, 250, 1171, 30, 24, 0, 12, 234
06;54;59, 1.059, -0.981, 10.673, 8.000, 0.00, 75, 250, 1046, 27, 24, 0, 8, 236
06;55;01, 0.863, 0.078, 9.300, 7.000, 0.24, 75, 250, 850, 22, 24, 0, 7, 233
06;55;03, 1.334, -0.235, 10.595, 7.000, 0.24, 75, 250, 851, 17, 24, 0, 7, 231
06;55;06, 0.275, 0.196, 10.516, 8.000, 0.23, 75, 250, 857, 7, 24, 0, 7, 236
06;55;08, 0.196, -0.196, 9.575, 7.000, 0.23, 75, 250, 854, 2, 24, 0, 8, 233
06;55;10, -0.235, 0.863, 9.143, 8.000, 0.34, 75, 250, 1524, 1, 24, 0, 15, 453
06;55;13, -0.942, 2.315, 9.104, 7.000, 0.57, 75, 250, 1416, 11, 24, 0, 23, 705
06;55;15, 0.471, 0.471, 10.202, 7.000, 0.26, 75, 250, 891, 18, 24, 0, 10, 302
06;55;17, -0.942, 1.413, 8.397, 7.000, 0.71, 75, 250, 1269, 20, 25, 0, 17, 617
06;55;20, 0.549, 0.785, 9.378, 8.000, 0.18, 74, 250, 1506, 25, 25, 0, 17, 265
06;55;22, -0.314, 1.059, 8.907, 7.000, 0.14, 74, 250, 1340, 22, 25, 0, 14, 278
06;55;24, 2.040, 2.511, 10.045, 8.000, 0.36, 74, 250, 1173, 20, 25, 0, 14, 442
06;55;27, 0.196, 1.648, 8.123, 7.000, 0.56, 74, 250, 1589, 25, 25, 0, 22, 674
06;55;29, 0.078, 0.118, 10.438, 8.000, 0.16, 74, 250, 1072, 31, 24, 0, 9, 275
06;55;31, -0.706, 1.020, 8.162, 8.000, 0.73, 74, 250, 1288, 32, 24, 0, 16, 631
06;55;34, 0.196, 0.432, 10.673, 8.000, 0.61, 74, 250, 1495, 37, 24, 0, 20, 654
06;55;36, 0.196, -0.157, 10.006, 8.000, 0.00, 74, 250, 1597, 41, 24, 0, 17, 241
06;55;38, 0.118, -0.196, 10.202, 8.000, 0.46, 74, 250, 1496, 38, 24, 0, 19, 618
06;55;41, 0.510, 0.785, 9.457, 7.000, 0.55, 75, 250, 1633, 41, 24, 0, 20, 652
06;55;43, 1.530, -0.314, 10.006, 8.000, 0.02, 75, 250, 1751, 44, 24, 0, 18, 241
06;55;45, 0.432, -0.196, 10.752, 8.000, 0.00, 75, 250, 1551, 40, 24, 0, 17, 242
06;55;48, 0.589, 0.471, 9.888, 8.000, 0.00, 75, 250, 1381, 35, 24, 0, 14, 239
06;55;50, 1.216, -0.275, 10.320, 7.000, 0.24, 75, 250, 851, 26, 24, 0, 6, 231
06;55;52, -1.766, -2.001, 10.163, 8.000, 0.24, 75, 250, 847, 21, 24, 0, 8, 252
06;55;55, 0.157, 1.177, 9.457, 8.000, 0.80, 75, 250, 884, 22, 24, 0, 9, 441
06;55;57, -0.392, 1.334, 10.124, 8.000, 0.82, 75, 250, 1090, 27, 24, 0, 13, 592
06;55;59, 0.196, 1.020, 9.025, 7.000, 0.56, 75, 250, 1299, 33, 24, 0, 16, 451
06;56;02, 1.216, 0.314, 10.163, 8.000, 0.00, 75, 250, 1296, 33, 24, 0, 14, 237
06;56;04, 0.628, 0.589, 9.614, 7.000, 0.24, 75, 250, 1237, 31, 24, 0, 13, 266
06;56;06, 0.118, -0.314, 10.320, 6.000, 0.24, 75, 250, 852, 30, 24, 0, 8, 233
06;56;09, 2.904, 0.314, 10.281, 7.000, 0.25, 75, 250, 848, 20, 24, 0, 8, 233
06;56;11, 1.766, 0.667, 9.378, 7.000, 0.22, 75, 250, 874, 14, 24, 0, 8, 228
06;56;13, -0.196, 0.785, 9.378, 7.000, 0.37, 75, 250, 1470, 12, 24, 0, 20, 644
06;56;16, 0.118, 0.353, 11.537, 8.000, 0.14, 75, 250, 1175, 18, 24, 0, 8, 238
06;56;18, -0.196, 0.903, 9.418, 8.000, 0.56, 75, 250, 1198, 19, 24, 0, 15, 596
06;56;20, 0.432, 0.314, 10.438, 7.000, 0.14, 74, 250, 1559, 26, 24, 0, 16, 242
06;56;23, 0.275, 0.000, 9.143, 7.000, 0.00, 74, 250, 1344, 22, 24, 0, 13, 239
06;56;25, -0.471, -0.824, 10.438, 7.000, 0.02, 74, 250, 1023, 17, 24, 0, 7, 246
06;56;27, 0.353, -0.589, 10.045, 7.000, 0.25, 74, 250, 856, 11, 24, 0, 8, 231
06;56;30, 0.118, 0.392, 9.849, 8.000, 0.24, 74, 250, 848, 2, 24, 0, 8, 234
06;56;32, 0.314, 0.746, 10.202, 7.000, 0.22, 74, 250, 751, 0, 24, 0, 7, 245
06;56;34, 0.039, 0.706, 10.516, 8.000, 0.12, 74, 250, 1247, 1, 24, 0, 10, 245
06;56;37, 0.275, 0.275, 10.202, 7.000, 0.24, 74, 250, 851, 1, 25, 0, 14, 414
06;56;39, -0.235, 1.648, 9.300, 8.000, 0.63, 74, 250, 1225, 9, 25, 0, 18, 581
06;56;41, 0.667, -0.275, 10.281, 7.000, 0.00, 75, 250, 1535, 13, 25, 0, 14, 244
06;56;44, 0.471, 1.334, 7.220, 8.000, 0.33, 75, 250, 1224, 9, 25, 0, 13, 424
06;56;46, -0.628, 1.491, 10.202, 8.000, 0.07, 75, 250, 1844, 16, 25, 0, 13, 252
06;56;48, 0.275, 1.138, 10.595, 8.000, 0.45, 75, 250, 927, 15, 25, 0, 11, 362
06;56;51, 0.157, 0.275, 10.045, 7.000, 0.03, 75, 250, 1144, 19, 25, 0, 11, 241
06;56;53, -0.078, 0.706, 8.907, 8.000, 0.49, 74, 250, 936, 16, 25, 0, 12, 423
06;56;55, 0.667, -0.157, 10.045, 8.000, 0.01, 75, 250, 1268, 21, 25, 0, 13, 244
06;56;58, 1.727, -1.020, 9.457, 8.000, 0.24, 75, 250, 854, 14, 25, 0, 7, 233
06;57;00, 0.314, 0.235, 9.653, 8.000, 0.24, 75, 250, 854, 3, 25, 0, 8, 237
06;57;02, -1.256, 1.844, 9.928, 8.000, 0.56, 75, 250, 1669, 5, 25, 0, 17, 600
06;57;05, -0.628, -0.981, 10.477, 8.000, 0.24, 75, 250, 892, 14, 25, 0, 8, 236
06;57;07, 0.196, 0.353, 9.888, 7.000, 0.23, 75, 250, 852, 12, 25, 0, 9, 231
06;57;10, 0.118, -0.196, 10.124, 8.000, 0.24, 75, 250, 848, 7, 25, 0, 8, 230
06;57;12, -1.491, -0.471, 10.359, 8.000, 0.47, 75, 250, 1210, 9, 25, 0, 16, 478
06;57;15, -0.235, 1.177, 9.732, 8.000, 0.18, 75, 250, 1737, 15, 25, 0, 14, 254
06;57;17, 0.746, -0.275, 9.104, 8.000, 0.25, 75, 250, 849, 9, 25, 0, 7, 233
06;57;19, 0.981, 0.235, 10.320, 7.000, 0.25, 75, 250, 846, 7, 25, 0, 8, 230
06;57;22, 0.746, 0.353, 10.320, 8.000, 0.25, 75, 250, 851, 6, 25, 0, 11, 371
06;57;24, 0.314, 1.766, 10.045, 8.000, 0.19, 75, 250, 868, 7, 25, 0, 8, 237
06;57;27, 0.824, 0.039, 10.320, 8.000, 0.24, 75, 250, 844, 2, 25, 0, 7, 232
06;57;29, 0.549, 0.785, 10.320, 8.000, 0.22, 75, 250, 752, 0, 26, 0, 17, 383
06;57;32, 0.157, 1.648, 11.576, 8.000, 0.50, 75, 250, 1074, 3, 26, 0, 9, 295
06;57;34, -0.118, 1.334, 9.535, 8.000, 0.27, 75, 250, 1320, 11, 26, 0, 15, 245
06;57;36, 0.432, 1.020, 11.144, 8.000, 0.28, 75, 250, 1028, 8, 26, 0, 10, 304
06;57;39, 1.138, 0.392, 10.202, 7.000, 0.20, 75, 250, 856, 7, 26, 0, 7, 230
06;57;41, 1.491, 1.805, 9.418, 8.000, 0.40, 75, 250, 945, 8, 26, 0, 12, 389
06;57;43, 0.235, 1.884, 9.888, 8.000, 0.24, 75, 250, 1702, 14, 26, 0, 19, 251
06;57;46, 0.275, 0.824, 9.771, 8.000, 0.23, 75, 250, 1535, 13, 26, 0, 17, 432
06;57;48, -0.432, -0.628, 9.849, 8.000, 0.18, 75, 250, 1393, 12, 26, 0, 15, 467
06;57;50, -1.844, -0.392, 10.713, 7.000, 0.16, 75, 250, 1802, 16, 26, 0, 19, 245
06;57;53, 0.353, -0.078, 9.378, 8.000, 0.16, 75, 250, 1225, 11, 26, 0, 12, 301
06;57;55, 0.314, 0.549, 9.888, 7.000, 0.20, 75, 250, 1082, 9, 26, 0, 10, 262
06;57;57, 0.314, 0.903, 9.143, 8.000, 0.26, 75, 250, 906, 7, 26, 0, 8, 249
06;58;00, 0.196, -0.471, 10.909, 7.000, 0.25, 75, 250, 955, 8, 26, 0, 8, 242
06;58;02, 0.471, 0.235, 9.732, 7.000, 0.26, 75, 250, 844, 2, 26, 0, 7, 236
06;58;04, 0.392, 1.530, 9.614, 8.000, 0.61, 75, 250, 833, 5, 26, 0, 8, 254
06;58;07, 1.570, -0.314, 9.810, 8.000, 0.24, 75, 250, 851, 5, 26, 0, 7, 230
